Harry Potter and the Sorcerer's Stone (Harry Potter, #1)
Twilight (Twilight, #1)
To Kill a Mockingbird
The Great Gatsby
The Fault in Our Stars
The Hobbit
The Catcher in the Rye
Angels & Demons  (Robert Langdon, #1)
Pride and Prejudice
The Kite Runner
Divergent (Divergent, #1)
1984
Animal Farm
The Diary of a Young Girl
The Girl with the Dragon Tattoo (Millennium, #1)
Catching Fire (The Hunger Games, #2)
Harry Potter and the Prisoner of Azkaban (Harry Potter, #3)
The Fellowship of the Ring (The Lord of the Rings, #1)
Mockingjay (The Hunger Games, #3)
Harry Potter and the Order of the Phoenix (Harry Potter, #5)
The Lovely Bones
Harry Potter and the Chamber of Secrets (Harry Potter, #2)
Harry Potter and the Goblet of Fire (Harry Potter, #4)
Harry Potter and the Deathly Hallows (Harry Potter, #7)
The Da Vinci Code (Robert Langdon, #2)
Harry Potter and the Half-Blood Prince (Harry Potter, #6)
Lord of the Flies
Romeo and Juliet
Gone Girl
The Help
Of Mice and Men
Memoirs of a Geisha
Fifty Shades of Grey (Fifty Shades, #1)
The Alchemist
The Giver (The Giver, #1)
The Lion, the Witch, and the Wardrobe (Chronicles of Narnia, #1)
The Time Traveler's Wife
A Game of Thrones (A Song of Ice and Fire, #1)
Eat, Pray, Love
The Lightning Thief (Percy Jackson and the Olympians, #1)
Little Women (Little Women, #1)
Jane Eyre
The Notebook (The Notebook, #1)
Life of Pi
Water for Elephants
The Book Thief
Fahrenheit 451
New Moon (Twilight, #2)
Where the Sidewalk Ends
City of Bones (The Mortal Instruments, #1)
Eclipse (Twilight, #3)
Eragon (The Inheritance Cycle, #1)
The Hitchhiker's Guide to the Galaxy (Hitchhiker's Guide to the Galaxy, #1)
Brave New World
Breaking Dawn (Twilight, #4)
The Secret Life of Bees
The Adventures of Huckleberry Finn
Charlotte's Web
The Curious Incident of the Dog in the Night-Time
The Girl on the Train
The Golden Compass (His Dark Materials, #1)
Wuthering Heights
My Sister's Keeper
Slaughterhouse-Five
Gone with the Wind
A Thousand Splendid Suns
The Perks of Being a Wallflower
Insurgent (Divergent, #2)
Ender's Game (Ender's Saga, #1)
Frankenstein
The Shining (The Shining #1)
The Host (The Host, #1)
Looking for Alaska
Bridget Jones's Diary (Bridget Jones, #1)
Sense and Sensibility
Holes (Holes, #1)
The Devil Wears Prada (The Devil Wears Prada, #1)
The Odyssey
The Little Prince
The Glass Castle
Into the Wild
A Tale of Two Cities
Jurassic Park (Jurassic Park, #1)
The Giving Tree
A Time to Kill
Night (The Night Trilogy #1)
Paper Towns
The Princess Bride 
The Outsiders
The Maze Runner (Maze Runner, #1)
Freakonomics: A Rogue Economist Explores the Hidden Side of Everything (Freakonomics, #1)
The Secret Garden
One Hundred Years of Solitude
The Picture of Dorian Gray
Fifty Shades Freed (Fifty Shades, #3)
Dracula
The Girl Who Played with Fire (Millennium, #2)
Fifty Shades Darker (Fifty Shades, #2)
The Poisonwood Bible
Me Talk Pretty One Day
Where the Wild Things Are
The Count of Monte Cristo
The Road
Allegiant (Divergent, #3)
Bossypants
A Walk to Remember
Confessions of a Shopaholic (Shopaholic, #1)
Les Misérables
A Clash of Kings  (A Song of Ice and Fire, #2)
The Memory Keeper's Daughter
Me Before You (Me Before You, #1)
Catch-22
Tuesdays with Morrie
Middlesex
The Adventures of Tom Sawyer
A Wrinkle in Time (A Wrinkle in Time Quintet, #1)
The Joy Luck Club
The Handmaid's Tale
The Sisterhood of the Traveling Pants (Sisterhood, #1)
Lolita
Wicked: The Life and Times of the Wicked Witch of the West (The Wicked Years, #1)
The Firm (Penguin Readers, Level 5)
Room
Hamlet
Dune (Dune Chronicles #1)
The Tipping Point: How Little Things Can Make a Big Difference
Steve Jobs
One Flew Over the Cuckoo's Nest
The Old Man and the Sea
The Grapes of Wrath
The Five People You Meet in Heaven
Anne of Green Gables (Anne of Green Gables, #1)
City of Glass (The Mortal Instruments, #3)
A Storm of Swords (A Song of Ice and Fire, #3)
Divine Secrets of the Ya-Ya Sisterhood
Outlander (Outlander, #1)
The Scarlet Letter
Miss Peregrine’s Home for Peculiar Children (Miss Peregrine’s Peculiar Children, #1)
The Girl Who Kicked the Hornet's Nest (Millennium, #3)
The Martian
The Pillars of the Earth (The Kingsbridge Series, #1)
All the Light We Cannot See
Unbroken: A World War II Story of Survival, Resilience, and Redemption
Deception Point
The Goldfinch
Thirteen Reasons Why
Girl with a Pearl Earring
If I Stay (If I Stay, #1)
The Red Tent
The Sea of Monsters (Percy Jackson and the Olympians, #2)
Dear John
City of Ashes (The Mortal Instruments, #2)
Macbeth
The Two Towers (The Lord of the Rings, #2)
Something Borrowed (Darcy & Rachel, #1)
Green Eggs and Ham
Charlie and the Chocolate Factory (Charlie Bucket, #1)
The Battle of the Labyrinth (Percy Jackson and the Olympians, #4)
Great Expectations
The Return of the King (The Lord of the Rings, #3)
The Stranger
The Lost Hero (The Heroes of Olympus, #1)
Eleanor & Park
A Feast for Crows (A Song of Ice and Fire, #4)
Matched (Matched, #1)
American Gods (American Gods, #1)
The Stand
The Last Song
Digital Fortress
Emma
Anna Karenina
A Clockwork Orange
The Shack
The Last Olympian (Percy Jackson and the Olympians, #5)
It
Crime and Punishment
The Bell Jar
Angela's Ashes (Frank McCourt, #1)
Siddhartha
In Cold Blood
Beautiful Creatures (Caster Chronicles, #1)
Clockwork Angel (The Infernal Devices, #1)
Matilda
The Night Circus
The Other Boleyn Girl (The Plantagenet and Tudor Novels, #9)
Uglies (Uglies, #1)
A Dance with Dragons (A Song of Ice and Fire, #5)
The Lord of the Rings (The Lord of the Rings, #1-3)
Wild: From Lost to Found on the Pacific Crest Trail
Watchmen
The Name of the Wind (The Kingkiller Chronicle, #1)
Outliers: The Story of Success
Moby-Dick or, The Whale
The Guernsey Literary and Potato Peel Pie Society
Fight Club
Dead Until Dark (Sookie Stackhouse, #1)
The Color Purple
Marley and Me: Life and Love With the World's Worst Dog
And Then There Were None
The Lost Symbol (Robert Langdon, #3)
Hush, Hush (Hush, Hush, #1)
Beautiful Disaster (Beautiful, #1)
A Christmas Carol
Interview with the Vampire (The Vampire Chronicles, #1)
The Selection (The Selection, #1)
One for the Money (Stephanie Plum, #1)
The Immortal Life of Henrietta Lacks
The Silence of the Lambs  (Hannibal Lecter, #2)
Vampire Academy (Vampire Academy, #1)
Blink: The Power of Thinking Without Thinking
Atonement
The Metamorphosis
The Titan's Curse (Percy Jackson and the Olympians, #3)
Ready Player One
The Art of Racing in the Rain
The Devil in the White City: Murder, Magic, and Madness at the Fair That Changed America
Bared to You (Crossfire, #1)
The Chronicles of Narnia (Chronicles of Narnia, #1-7)
Twilight: The Complete Illustrated Movie Companion
A Child Called "It" (Dave Pelzer #1)
The Bourne Identity (Jason Bourne, #1)
Artemis Fowl (Artemis Fowl, #1)
Fallen (Fallen, #1)
East of Eden
Dark Places
The Client
The Nanny Diaries (Nanny, #1)
Alice's Adventures in Wonderland & Through the Looking-Glass
Persuasion
Sarah's Key
The Gunslinger (The Dark Tower, #1)
Love in the Time of Cholera
Speak
The Husband's Secret
Into Thin Air: A Personal Account of the Mount Everest Disaster
Carrie
Running with Scissors
World War Z: An Oral History of the Zombie War
Inferno (Robert Langdon, #4)
Number the Stars
Along Came a Spider (Alex Cross, #1)
Misery
Sharp Objects
Bridge to Terabithia
Marked (House of Night, #1)
The 7 Habits of Highly Effective People: Powerful Lessons in Personal Change
A Midsummer Night's Dream
Extremely Loud and Incredibly Close
Wonder
The Cat in the Hat
Cinder (The Lunar Chronicles, #1)
The Cuckoo's Calling (Cormoran Strike, #1)
Shiver (The Wolves of Mercy Falls, #1)
Atlas Shrugged
Three Cups of Tea: One Man's Mission to Promote Peace ... One School at a Time
Alice in Wonderland
The Shadow of the Wind (The Cemetery of Forgotten Books,  #1)
The Scorch Trials (Maze Runner, #2)
How to Win Friends and Influence People
Under the Tuscan Sun
Big Little Lies
Ella Enchanted
The Sun Also Rises
A Tree Grows in Brooklyn
Kiss the Girls (Alex Cross, #2)
The Nightingale
Never Let Me Go
P.S. I Love You
Rebecca
Flowers for Algernon
Like Water for Chocolate
Snow Flower and the Secret Fan
The Godfather
An Abundance of Katherines
Foundation (Foundation #1)
The Ocean at the End of the Lane
A Light in the Attic
Harry Potter and the Cursed Child - Parts One and Two (Harry Potter, #8)
Delirium (Delirium, #1)
The Pelican Brief
Coraline
Good Omens: The Nice and Accurate Prophecies of Agnes Nutter, Witch
On the Road
The Rosie Project (Don Tillman, #1)
The Lucky One
The Fountainhead
The Hunt for Red October (Jack Ryan Universe, #4)
Watership Down (Watership Down, #1)
Is Everyone Hanging Out Without Me? (And Other Concerns)
Cutting for Stone
The Voyage of the Dawn Treader (Chronicles of Narnia, #3)
Treasure Island
The Son of Neptune (The Heroes of Olympus, #2)
11/22/63
The Very Hungry Caterpillar Board Book
Cat's Cradle
The Time Machine
Heaven is for Real: A Little Boy's Astounding Story of His Trip to Heaven and Back
The Boy in the Striped Pajamas
Heart of Darkness
Safe Haven
The Secret (The Secret, #1)
I Know This Much Is True
Pet Sematary
She's Come Undone
The Wise Man's Fear (The Kingkiller Chronicle, #2)
Can You Keep a Secret?
City of Fallen Angels (The Mortal Instruments, #4)
Good in Bed (Cannie Shapiro, #1)
The Thorn Birds
The Graveyard Book
The Light Between Oceans
Inkheart (Inkworld, #1)
Who Moved My Cheese?
A Walk in the Woods
I Know Why the Caged Bird Sings
Orphan Train
City of Lost Souls (The Mortal Instruments, #5)
Where'd You Go, Bernadette
Where the Red Fern Grows
Neverwhere
The Unbearable Lightness of Being
Fangirl
A Prayer for Owen Meany
White Oleander
Legend (Legend, #1)
Nineteen Minutes
The Last Lecture
The Eye of the World (Wheel of Time, #1)
The Pact
The Magician's Nephew (Chronicles of Narnia, #6)
Still Alice
Reflected in You (Crossfire, #2)
James and the Giant Peach
1st to Die (Women's Murder Club, #1)
The Ultimate Hitchhiker's Guide to the Galaxy
One Day
Goodnight Moon
I Am Number Four (Lorien Legacies, #1)
The Iliad
The Casual Vacancy
The Runaway Jury
Naked
Eldest (The Inheritance Cycle, #2)
The Wonderful Wizard of Oz (Oz, #1)
Prince Caspian (Chronicles of Narnia, #2)
We Were Liars
'Salem's Lot
Fear and Loathing in Las Vegas
Clockwork Prince (The Infernal Devices, #2)
Yes Please
Othello
Beloved
Graceling (Graceling Realm, #1)
The Bad Beginning (A Series of Unfortunate Events, #1)
All Quiet on the Western Front
Oh, The Places You'll Go!
And the Mountains Echoed
Do Androids Dream of Electric Sheep?
Oliver Twist
The Screwtape Letters
Anna and the French Kiss (Anna and the French Kiss, #1)
How the Grinch Stole Christmas!
V for Vendetta
John Adams
Odd Thomas (Odd Thomas, #1)
The Subtle Knife (His Dark Materials, #2)
Stargirl (Stargirl, #1)
The Red Pyramid (Kane Chronicles, #1)
Stranger in a Strange Land
Dress Your Family in Corduroy and Denim
The BFG
A Short History of Nearly Everything
The Call of the Wild
The Death Cure (Maze Runner, #3)
Stardust
The Namesake
A Discovery of Witches (All Souls Trilogy, #1)
Norwegian Wood
Where the Heart Is
Will Grayson, Will Grayson
A Million Little Pieces
Frostbite (Vampire Academy, #2)
Quiet: The Power of Introverts in a World That Can't Stop Talking
Island of the Blue Dolphins (Island of the Blue Dolphins, #1)
The Crucible
Hatchet (Brian's Saga, #1)
The Final Empire (Mistborn, #1)
The Strange Case of Dr. Jekyll and Mr. Hyde
The Lorax
Diary of a Wimpy Kid (Diary of a Wimpy Kid, #1)
Throne of Glass (Throne of Glass, #1)
Shadow Kiss (Vampire Academy, #3)
For Whom the Bell Tolls
Hotel on the Corner of Bitter and Sweet
Perfume: The Story of a Murderer
Fast Food Nation: The Dark Side of the All-American Meal
The Tales of Beedle the Bard
Neuromancer
A Farewell to Arms
The Tell-Tale Heart and Other Writings
The Art of War
Defending Jacob
Breakfast of Champions
The New Drawing on the Right Side of the Brain
Bel Canto
Guns, Germs, and Steel: The Fates of Human Societies
Fried Green Tomatoes at the Whistle Stop Cafe
Things Fall Apart (The African Trilogy, #1)
The Undomestic Goddess
The Five Love Languages: How to Express Heartfelt Commitment to Your Mate
The Three Musketeers
Little Bee
Evermore (The Immortals, #1)
The Witches
The Thirteenth Tale
Spirit Bound (Vampire Academy, #5)
Blood Promise (Vampire Academy, #4)
Message in a Bottle
The Paris Wife
Harry Potter Boxset (Harry Potter, #1-7)
The Elite (The Selection, #2)
The Name of the Rose
Go Ask Alice
A Confederacy of Dunces
The Importance of Being Earnest
The Mark of Athena (The Heroes of Olympus, #3)
The Color of Magic (Discworld, #1; Rincewind #1)
Kafka on the Shore
Red Dragon (Hannibal Lecter, #1)
I, Robot (Robot #0.1)
Dark Lover (Black Dagger Brotherhood, #1)
Crescendo (Hush, Hush, #2)
Before I Fall
The God of Small Things
The Invention of Wings
What Alice Forgot
A Brief History of Time
Fall of Giants (The Century Trilogy, #1)
Under the Dome
Snow Crash
Just Listen
Winnie-the-Pooh (Winnie-the-Pooh, #1)
Before I Go to Sleep
A Study in Scarlet
Brisingr (The Inheritance Cycle, #3)
The Purpose Driven Life: What on Earth Am I Here for?
Betrayed (House of Night, #2)
Storm Front (The Dresden Files, #1)
Northanger Abbey
The 5th Wave (The 5th Wave, #1)
Cold Mountain
If You Give a Mouse a Cookie
Something Blue (Darcy & Rachel, #2)
A Streetcar Named Desire
The Historian
Station Eleven
A Man Called Ove
Clockwork Princess (The Infernal Devices, #3)
The Good Earth (House of Earth, #1)
Ways of Seeing
Dragonfly in Amber (Outlander, #2)
Holy Bible: King James Version
In Her Shoes
The Hobbit: Graphic Novel
The Brief Wondrous Life of Oscar Wao
Their Eyes Were Watching God
Fantastic Beasts and Where to Find Them
I Am Malala: The Story of the Girl Who Stood Up for Education and Was Shot by the Taliban
Mansfield Park
Man's Search for Meaning
In the Woods (Dublin Murder Squad, #1)
The God Delusion
Where She Went (If I Stay, #2)
The World According to Garp
Killing Floor (Jack Reacher, #1)
Robinson Crusoe
The Prince
The Amber Spyglass (His Dark Materials, #3)
Wizard's First Rule (Sword of Truth, #1)
The Kitchen House
Franny and Zooey
Choke
The Brothers Karamazov
The City of Ember (Book of Ember, #1)
The Andromeda Strain
The Green Mile
The Prophet
Maus I: A Survivor's Tale: My Father Bleeds History (Maus, #1)
Untamed (House of Night, #4)
Speaker for the Dead (Ender's Saga, #2)
Mere Christianity
The Secret History
A Heartbreaking Work of Staggering Genius
The Clan of the Cave Bear (Earth's Children, #1)
Black Beauty
War and Peace
American Psycho
The Princess Diaries (The Princess Diaries, #1)
The No. 1 Ladies' Detective Agency  (No. 1 Ladies' Detective Agency, #1)
The Walking Dead, Vol. 01: Days Gone Bye
2001: A Space Odyssey (Space Odyssey, #1)
Redeeming Love
Left Behind (Left Behind, #1)
The One (The Selection, #3)
The Hunger Games Trilogy Boxset (The Hunger Games, #1-3)
Nickel and Dimed: On (Not) Getting By in America
Remember Me?
The Great Hunt (Wheel of Time, #2)
Postmortem (Kay Scarpetta, #1)
The Complete Stories and Poems
The Hiding Place: The Triumphant True Story of Corrie Ten Boom
The Adventures of Sherlock Holmes
The Prince of Tides
The Amazing Adventures of Kavalier & Clay
Perfect Chemistry (Perfect Chemistry, #1)
Peter Pan
Pretties (Uglies, #2)
The Wind-Up Bird Chronicle
The Lincoln Lawyer (Mickey Haller, #1; Harry Bosch Universe, #16)
Cloud Atlas
The Things They Carried
Wall and Piece
Pandemonium (Delirium, #2)
Darkly Dreaming Dexter (Dexter, #1)
Living Dead in Dallas (Sookie Stackhouse, #2)
The Dragon Reborn (Wheel of Time, #3)
Gulliver's Travels
Much Ado About Nothing
Beowulf
Batman: Year One
Go Set a Watchman
When You Are Engulfed in Flames
Daughter of Smoke & Bone (Daughter of Smoke & Bone, #1)
Red Queen (Red Queen, #1)
The Power of Habit: Why We Do What We Do in Life and Business
Midnight in the Garden of Good and Evil
Hopeless (Hopeless, #1)
A Little Princess
The Truth About Forever
The Horse and His Boy (Chronicles of Narnia, #5)
Last Sacrifice (Vampire Academy, #6)
Little House on the Prairie (Little House, #2)
The Velveteen Rabbit
Zen and the Art of Motorcycle Maintenance: An Inquiry Into Values
The War of the Worlds
Pretty Little Liars (Pretty Little Liars, #1)
Corduroy
The Omnivore's Dilemma: A Natural History of Four Meals
Life After Life
The Rescue
Needful Things
Voyager (Outlander, #3)
Hamlet: Screenplay, Introduction And Film Diary
Cujo
The Virgin Suicides
Dead to the World (Sookie Stackhouse, #4)
Tess of the D'Urbervilles
Madame Bovary
The Phantom Tollbooth
The Way of Kings (The Stormlight Archive, #1)
Club Dead (Sookie Stackhouse, #3)
It's Kind of a Funny Story
The Well of Ascension (Mistborn, #2)
After You (Me Before You, #2)
The Language of Flowers
Batman: The Dark Knight Returns (The Dark Knight Saga, #1)
The Angel Experiment (Maximum Ride, #1)
High Fidelity
The Guardian
Oryx and Crake (MaddAddam, #1)
Men Are from Mars, Women Are from Venus
Kitchen Confidential: Adventures in the Culinary Underbelly
Timeline
Candide
Tuck Everlasting
Christine
Are You My Mother?
The Story of Art
Scarlet (The Lunar Chronicles, #2)
Rich Dad, Poor Dad
Silence (Hush, Hush, #3)
The Magicians (The Magicians #1)
Death Note, Vol. 1: Boredom (Death Note, #1)
A Great and Terrible Beauty (Gemma Doyle, #1)
Everything Is Illuminated
The Bourne Supremacy (Jason Bourne, #2)
Easy (Contours of the Heart, #1)
David Copperfield
The Absolutely True Diary of a Part-Time Indian
The Master and Margarita
A Wizard of Earthsea (Earthsea Cycle, #1)
Because of Winn-Dixie
A Separate Peace
The Rainmaker
Don Quixote
Assassin's Apprentice (Farseer Trilogy, #1)
The Restaurant at the End of the Universe (Hitchhiker's Guide, #2)
Torment (Fallen, #2)
The Tale of Peter Rabbit
The Silver Chair (Chronicles of Narnia, #4)
The Hero of Ages (Mistborn, #3)
Girl, Interrupted
Are You There, Vodka? It's Me, Chelsea
Jonathan Livingston Seagull
City of Heavenly Fire (The Mortal Instruments, #6)
Love You Forever
Cell
The Boys in the Boat: Nine Americans and Their Epic Quest for Gold at the 1936 Berlin Olympics
The Silmarillion (Middle-Earth Universe)
The Drawing of the Three (The Dark Tower, #2)
The Forgotten Garden
The Trial
This Lullaby
Plain Truth
Orange Is the New Black
The Hound of the Baskervilles
Thinking, Fast and Slow
The Mists of Avalon (Avalon, #1)
Are You There God? It's Me, Margaret
Nights in Rodanthe
Mr. Mercedes (Bill Hodges Trilogy, #1)
All Together Dead (Sookie Stackhouse, #7)
Midwives
The Polar Express
The True Story of the 3 Little Pigs
Patriot Games (Jack Ryan Universe, #2)
Veronika Decides to Die
Lean In: Women, Work, and the Will to Lead
Dead as a Doornail (Sookie Stackhouse, #5)
Shatter Me (Shatter Me, #1)
Starship Troopers
I've Got Your Number
Sophie's World
The Twilight Saga Breaking Dawn Part 1: The Official Illustrated Movie Companion (The Twilight Saga: The Official Illustrated Movie Companion, #4)
The Martian Chronicles
A Visit from the Goon Squad
Heidi
Prey
The Last Battle (Chronicles of Narnia, #7)
World Without End (The Kingsbridge Series, #2)
Chosen (House of Night, #3)
Slammed (Slammed, #1)
Beastly (Beastly, #1; Kendra Chronicles, #1)
The Canterbury Tales
Baby Proof
Inheritance (The Inheritance Cycle, #4)
1Q84
Uncle Tom's Cabin
The Phantom of the Opera
Definitely Dead (Sookie Stackhouse, #6)
Blindness
Freedom
Crossed (Matched, #2)
I'd Tell You I Love You, But Then I'd Have to Kill You (Gallagher Girls, #1)
The White Tiger
The Corrections
Dreams from My Father: A Story of Race and Inheritance
Congo
Alexander and the Terrible, Horrible, No Good, Very Bad Day
Interpreter of Maladies
A People's History of the United States
Breakfast at Tiffany's
The Passage (The Passage, #1)
Anansi Boys
Along for the Ride
Everything I Never Told You
The House of the Spirits
The Dead Zone
The Mysterious Affair at Styles (Hercule Poirot, #1)
Murder on the Orient Express (Hercule Poirot, #10)
Americanah
Suzanne's Diary for Nicholas
Firestarter
Entwined with You (Crossfire, #3)
Born to Run: A Hidden Tribe, Superathletes, and the Greatest Race the World Has Never Seen
The Storied Life of A.J. Fikry
Madeline
Think and Grow Rich: The Landmark Bestseller - Now Revised and Updated for the 21st Century
Little House in the Big Woods (Little House, #1)
Jonathan Strange & Mr Norrell
A Bend in the Road
The House of Hades (The Heroes of Olympus, #4)
Gone (Gone, #1)
The Wedding (The Notebook, #2)
1776
Under the Banner of Heaven: A Story of Violent Faith
Beautiful Ruins
The Audacity of Hope: Thoughts on Reclaiming the American Dream
On Writing: A Memoir of the Craft
Firefly Lane (Firefly Lane, #1)
Sphere
Love the One You're With
The Silkworm (Cormoran Strike, #2)
The Vampire Lestat (The Vampire Chronicles, #2)
State of Wonder
The Silver Linings Playbook
Twenty Thousand Leagues Under the Sea
The Constant Princess (The Plantagenet and Tudor Novels, #6)
Mrs. Dalloway
The Hundred-Year-Old Man Who Climbed Out of the Window and Disappeared
Bag of Bones
The Cider House Rules
Thinner
Around the World in Eighty Days
Walk Two Moons
Eleven Minutes
Nine Stories
Julie and Julia: 365 Days, 524 Recipes, 1 Tiny Apartment Kitchen: How One Girl Risked Her Marriage, Her Job, and Her Sanity to Master the Art of Living
Unwind (Unwind, #1)
Drums of Autumn (Outlander, #4)
Prodigy (Legend, #2)
King Lear
Death of a Salesman
The Choice
The Hunger Games: Official Illustrated Movie Companion
The Sound and the Fury
A New Earth: Awakening to Your Life's Purpose
Bleach, Volume 01
Hyperbole and a Half: Unfortunate Situations, Flawed Coping Mechanisms, Mayhem, and Other Things That Happened
The Shadow Rising (Wheel of Time, #4)
Shantaram
From Dead to Worse (Sookie Stackhouse, #8)
The Waste Lands (The Dark Tower, #3)
The Bone Collector (Lincoln Rhyme, #1)
The Reader
Brown Bear, Brown Bear, What Do You See?
Hyperion (Hyperion Cantos, #1)
The Pearl
The Exorcist
The Short Second Life of Bree Tanner: An Eclipse Novella (Twilight, #3.5)
Snow Falling on Cedars
Roots: The Saga of an American Family
Batman: The Killing Joke
Invisible Man
A Long Way Gone: Memoirs of a Boy Soldier
Mrs. Frisby and the Rats of NIMH (Rats of NIMH, #1)
Different Seasons
The Little House Collection (Little House, #1-9)
The Girls' Guide to Hunting and Fishing
Wool Omnibus (Silo, #1)
Lamb: The Gospel According to Biff, Christ's Childhood Pal
The Power of Now: A Guide to Spiritual Enlightenment
Let's Pretend This Never Happened: A Mostly True Memoir
The Lies of Locke Lamora (Gentleman Bastard, #1)
Sabriel (Abhorsen,  #1)
Dead and Gone (Sookie Stackhouse, #9)
The Storyteller
Obsidian (Lux, #1)
Life, the Universe and Everything (Hitchhiker's Guide, #3)
Crown of Midnight (Throne of Glass, #2)
Scott Pilgrim, Volume 1: Scott Pilgrim's Precious Little Life
Half Broke Horses
Mort (Death, #1; Discworld, #4)
The Iron King (The Iron Fey, #1)
Lonesome Dove
Stiff: The Curious Lives of Human Cadavers
Bloodlines (Bloodlines, #1)
Ender's Shadow (Ender's Shadow, #1)
Twenties Girl
Schindler's List
The Bluest Eye
The White Queen (The Plantagenet and Tudor Novels, #2)
The Autobiography of Malcolm X
Preludes & Nocturnes (The Sandman #1)
Seabiscuit: An American Legend
Shutter Island
The Complete Sherlock Holmes
Julius Caesar
In the Garden of Beasts: Love, Terror, and an American Family in Hitler's Berlin
The Republic
The Taming of the Shrew
Cress (The Lunar Chronicles, #3)
Just Kids
The Art Book
Jemima J
The Hunchback of Notre-Dame
A Fine Balance
Calvin and Hobbes
Specials (Uglies, #3)
The Awakening
Hunted (House of Night, #5)
For One More Day
Clear and Present Danger (Jack Ryan Universe, #6)
Falling Up
Sh*t My Dad Says
Trainspotting
Foundation and Empire (Foundation #2)
The Four Agreements: A Practical Guide to Personal Freedom
House Rules
The Complete Grimm's Fairy Tales
From the Mixed-Up Files of Mrs. Basil E. Frankweiler
Doctor Sleep (The Shining, #2)
About a Boy
On Dublin Street (On Dublin Street, #1)
Crazy Love: Overwhelmed by a Relentless God
One Fish, Two Fish, Red Fish, Blue Fish
Watchers
